<annotation>
	<folder>photo</folder>
	<filename>1.jpg</filename>
	<path>E:\labelimg\photo\1.jpg</path>
	<source>
		<database>Unknown</database>
	</source>
	<size>
		<width>3000</width>
		<height>4000</height>
		<depth>3</depth>
	</size>
	<segmented>0</segmented>
	<object>
		<name>chili</name>
		<pose>Unspecified</pose>
		<truncated>0</truncated>
		<difficult>0</difficult>
		<bndbox>
			<xmin>1190</xmin>
			<ymin>1700</ymin>
			<xmax>1411</xmax>
			<ymax>2500</ymax>
		</bndbox>
	</object>
	<object>
		<name>chili</name>
		<pose>Unspecified</pose>
		<truncated>0</truncated>
		<difficult>0</difficult>
		<bndbox>
			<xmin>903</xmin>
			<ymin>2922</ymin>
			<xmax>1114</xmax>
			<ymax>3452</ymax>
		</bndbox>
	</object>
</annotation>
