<?xml version="1.0" ?><annotation>
	<folder>photo</folder>
	<filename>10.jpg</filename>
	<path>E:\labelimg\photo\10.jpg</path>
	<source>
		<database>Unknown</database>
	</source>
	<size>
		<width>2448</width>
		<height>3264</height>
		<depth>3</depth>
	</size>
	<segmented>0</segmented>
	<object>
		<name>chili</name>
		<pose>Unspecified</pose>
		<truncated>0</truncated>
		<difficult>0</difficult>
		<bndbox>
			<xmin>1034</xmin>
			<ymin>1360</ymin>
			<xmax>1335</xmax>
			<ymax>2070</ymax>
		</bndbox>
	</object>
</annotation>