<annotation>
	<folder>JPEGImages</folder>
	<filename>12.jpg</filename>
	<path>E:\python\PycharmProjects\yolov4-tiny-pytorch-master\VOCdevkit\VOC2007\JPEGImages\12.jpg</path>
	<source>
		<database>Unknown</database>
	</source>
	<size>
		<width>2448</width>
		<height>3264</height>
		<depth>3</depth>
	</size>
	<segmented>0</segmented>
	<object>
		<name>chili</name>
		<pose>Unspecified</pose>
		<truncated>0</truncated>
		<difficult>0</difficult>
		<bndbox>
			<xmin>825</xmin>
			<ymin>1256</ymin>
			<xmax>1170</xmax>
			<ymax>1845</ymax>
		</bndbox>
	</object>
	<object>
		<name>chili</name>
		<pose>Unspecified</pose>
		<truncated>1</truncated>
		<difficult>0</difficult>
		<bndbox>
			<xmin>1</xmin>
			<ymin>1338</ymin>
			<xmax>419</xmax>
			<ymax>2328</ymax>
		</bndbox>
	</object>
	<object>
		<name>chili</name>
		<pose>Unspecified</pose>
		<truncated>0</truncated>
		<difficult>0</difficult>
		<bndbox>
			<xmin>1552</xmin>
			<ymin>1064</ymin>
			<xmax>1711</xmax>
			<ymax>1607</ymax>
		</bndbox>
	</object>
</annotation>
