<?xml version="1.0" ?><annotation>
	<folder>photo</folder>
	<filename>13.jpg</filename>
	<path>E:\labelimg\photo\13.jpg</path>
	<source>
		<database>Unknown</database>
	</source>
	<size>
		<width>2448</width>
		<height>3264</height>
		<depth>3</depth>
	</size>
	<segmented>0</segmented>
	<object>
		<name>chili</name>
		<pose>Unspecified</pose>
		<truncated>0</truncated>
		<difficult>0</difficult>
		<bndbox>
			<xmin>867</xmin>
			<ymin>1228</ymin>
			<xmax>1387</xmax>
			<ymax>2269</ymax>
		</bndbox>
	</object>
</annotation>