<?xml version="1.0" ?><annotation>
	<folder>photo</folder>
	<filename>16.jpg</filename>
	<path>E:\labelimg\photo\16.jpg</path>
	<source>
		<database>Unknown</database>
	</source>
	<size>
		<width>4000</width>
		<height>3000</height>
		<depth>3</depth>
	</size>
	<segmented>0</segmented>
	<object>
		<name>chili</name>
		<pose>Unspecified</pose>
		<truncated>0</truncated>
		<difficult>0</difficult>
		<bndbox>
			<xmin>1937</xmin>
			<ymin>105</ymin>
			<xmax>2066</xmax>
			<ymax>921</ymax>
		</bndbox>
	</object>
	<object>
		<name>chili</name>
		<pose>Unspecified</pose>
		<truncated>0</truncated>
		<difficult>0</difficult>
		<bndbox>
			<xmin>2222</xmin>
			<ymin>523</ymin>
			<xmax>2400</xmax>
			<ymax>1115</ymax>
		</bndbox>
	</object>
	<object>
		<name>chili</name>
		<pose>Unspecified</pose>
		<truncated>0</truncated>
		<difficult>0</difficult>
		<bndbox>
			<xmin>2514</xmin>
			<ymin>1171</ymin>
			<xmax>2830</xmax>
			<ymax>2070</ymax>
		</bndbox>
	</object>
	<object>
		<name>chili</name>
		<pose>Unspecified</pose>
		<truncated>0</truncated>
		<difficult>0</difficult>
		<bndbox>
			<xmin>3069</xmin>
			<ymin>1189</ymin>
			<xmax>3414</xmax>
			<ymax>1738</ymax>
		</bndbox>
	</object>
	<object>
		<name>chili</name>
		<pose>Unspecified</pose>
		<truncated>0</truncated>
		<difficult>0</difficult>
		<bndbox>
			<xmin>2478</xmin>
			<ymin>153</ymin>
			<xmax>2635</xmax>
			<ymax>1253</ymax>
		</bndbox>
	</object>
	<object>
		<name>chili</name>
		<pose>Unspecified</pose>
		<truncated>0</truncated>
		<difficult>0</difficult>
		<bndbox>
			<xmin>1733</xmin>
			<ymin>652</ymin>
			<xmax>1925</xmax>
			<ymax>763</ymax>
		</bndbox>
	</object>
	<object>
		<name>chili</name>
		<pose>Unspecified</pose>
		<truncated>0</truncated>
		<difficult>0</difficult>
		<bndbox>
			<xmin>1624</xmin>
			<ymin>293</ymin>
			<xmax>1717</xmax>
			<ymax>538</ymax>
		</bndbox>
	</object>
	<object>
		<name>chili</name>
		<pose>Unspecified</pose>
		<truncated>0</truncated>
		<difficult>0</difficult>
		<bndbox>
			<xmin>1804</xmin>
			<ymin>439</ymin>
			<xmax>1878</xmax>
			<ymax>610</ymax>
		</bndbox>
	</object>
	<object>
		<name>chili</name>
		<pose>Unspecified</pose>
		<truncated>0</truncated>
		<difficult>0</difficult>
		<bndbox>
			<xmin>1735</xmin>
			<ymin>392</ymin>
			<xmax>1806</xmax>
			<ymax>631</ymax>
		</bndbox>
	</object>
</annotation>