<?xml version="1.0" ?><annotation>
	<folder>photo</folder>
	<filename>18.jpg</filename>
	<path>E:\labelimg\photo\18.jpg</path>
	<source>
		<database>Unknown</database>
	</source>
	<size>
		<width>4000</width>
		<height>3000</height>
		<depth>3</depth>
	</size>
	<segmented>0</segmented>
	<object>
		<name>chili</name>
		<pose>Unspecified</pose>
		<truncated>0</truncated>
		<difficult>0</difficult>
		<bndbox>
			<xmin>2629</xmin>
			<ymin>1241</ymin>
			<xmax>2985</xmax>
			<ymax>2118</ymax>
		</bndbox>
	</object>
	<object>
		<name>chili</name>
		<pose>Unspecified</pose>
		<truncated>0</truncated>
		<difficult>0</difficult>
		<bndbox>
			<xmin>3297</xmin>
			<ymin>1267</ymin>
			<xmax>3583</xmax>
			<ymax>1818</ymax>
		</bndbox>
	</object>
	<object>
		<name>chili</name>
		<pose>Unspecified</pose>
		<truncated>0</truncated>
		<difficult>0</difficult>
		<bndbox>
			<xmin>2648</xmin>
			<ymin>231</ymin>
			<xmax>2829</xmax>
			<ymax>999</ymax>
		</bndbox>
	</object>
	<object>
		<name>chili</name>
		<pose>Unspecified</pose>
		<truncated>0</truncated>
		<difficult>0</difficult>
		<bndbox>
			<xmin>2393</xmin>
			<ymin>593</ymin>
			<xmax>2579</xmax>
			<ymax>1173</ymax>
		</bndbox>
	</object>
	<object>
		<name>chili</name>
		<pose>Unspecified</pose>
		<truncated>0</truncated>
		<difficult>0</difficult>
		<bndbox>
			<xmin>2079</xmin>
			<ymin>260</ymin>
			<xmax>2211</xmax>
			<ymax>1035</ymax>
		</bndbox>
	</object>
	<object>
		<name>chili</name>
		<pose>Unspecified</pose>
		<truncated>0</truncated>
		<difficult>0</difficult>
		<bndbox>
			<xmin>1965</xmin>
			<ymin>490</ymin>
			<xmax>2037</xmax>
			<ymax>673</ymax>
		</bndbox>
	</object>
	<object>
		<name>chili</name>
		<pose>Unspecified</pose>
		<truncated>0</truncated>
		<difficult>0</difficult>
		<bndbox>
			<xmin>1953</xmin>
			<ymin>431</ymin>
			<xmax>2292</xmax>
			<ymax>800</ymax>
		</bndbox>
	</object>
</annotation>