<annotation>
	<folder>photo</folder>
	<filename>2.jpg</filename>
	<path>E:\labelimg\photo\2.jpg</path>
	<source>
		<database>Unknown</database>
	</source>
	<size>
		<width>3000</width>
		<height>4000</height>
		<depth>3</depth>
	</size>
	<segmented>0</segmented>
	<object>
		<name>chili</name>
		<pose>Unspecified</pose>
		<truncated>0</truncated>
		<difficult>0</difficult>
		<bndbox>
			<xmin>1603</xmin>
			<ymin>1721</ymin>
			<xmax>2252</xmax>
			<ymax>2239</ymax>
		</bndbox>
	</object>
</annotation>
