<?xml version="1.0" ?><annotation>
	<folder>photo</folder>
	<filename>3.jpg</filename>
	<path>E:\labelimg\photo\3.jpg</path>
	<source>
		<database>Unknown</database>
	</source>
	<size>
		<width>4000</width>
		<height>3000</height>
		<depth>3</depth>
	</size>
	<segmented>0</segmented>
	<object>
		<name>chili</name>
		<pose>Unspecified</pose>
		<truncated>0</truncated>
		<difficult>0</difficult>
		<bndbox>
			<xmin>2193</xmin>
			<ymin>18</ymin>
			<xmax>2635</xmax>
			<ymax>2547</ymax>
		</bndbox>
	</object>
	<object>
		<name>chili</name>
		<pose>Unspecified</pose>
		<truncated>0</truncated>
		<difficult>0</difficult>
		<bndbox>
			<xmin>539</xmin>
			<ymin>480</ymin>
			<xmax>887</xmax>
			<ymax>1841</ymax>
		</bndbox>
	</object>
	<object>
		<name>chili</name>
		<pose>Unspecified</pose>
		<truncated>0</truncated>
		<difficult>0</difficult>
		<bndbox>
			<xmin>964</xmin>
			<ymin>276</ymin>
			<xmax>1287</xmax>
			<ymax>1231</ymax>
		</bndbox>
	</object>
</annotation>