<?xml version="1.0" ?><annotation>
	<folder>photo</folder>
	<filename>4.jpg</filename>
	<path>E:\labelimg\photo\4.jpg</path>
	<source>
		<database>Unknown</database>
	</source>
	<size>
		<width>3000</width>
		<height>4000</height>
		<depth>3</depth>
	</size>
	<segmented>0</segmented>
	<object>
		<name>chili</name>
		<pose>Unspecified</pose>
		<truncated>0</truncated>
		<difficult>0</difficult>
		<bndbox>
			<xmin>1335</xmin>
			<ymin>1152</ymin>
			<xmax>1722</xmax>
			<ymax>2435</ymax>
		</bndbox>
	</object>
	<object>
		<name>chili</name>
		<pose>Unspecified</pose>
		<truncated>0</truncated>
		<difficult>0</difficult>
		<bndbox>
			<xmin>76</xmin>
			<ymin>635</ymin>
			<xmax>317</xmax>
			<ymax>1513</ymax>
		</bndbox>
	</object>
</annotation>