<?xml version="1.0" ?><annotation>
	<folder>photo</folder>
	<filename>5.jpg</filename>
	<path>E:\labelimg\photo\5.jpg</path>
	<source>
		<database>Unknown</database>
	</source>
	<size>
		<width>4000</width>
		<height>3000</height>
		<depth>3</depth>
	</size>
	<segmented>0</segmented>
	<object>
		<name>chili</name>
		<pose>Unspecified</pose>
		<truncated>0</truncated>
		<difficult>0</difficult>
		<bndbox>
			<xmin>340</xmin>
			<ymin>212</ymin>
			<xmax>974</xmax>
			<ymax>1096</ymax>
		</bndbox>
	</object>
	<object>
		<name>chili</name>
		<pose>Unspecified</pose>
		<truncated>0</truncated>
		<difficult>0</difficult>
		<bndbox>
			<xmin>1008</xmin>
			<ymin>244</ymin>
			<xmax>1303</xmax>
			<ymax>835</ymax>
		</bndbox>
	</object>
	<object>
		<name>chili</name>
		<pose>Unspecified</pose>
		<truncated>0</truncated>
		<difficult>0</difficult>
		<bndbox>
			<xmin>743</xmin>
			<ymin>2428</ymin>
			<xmax>958</xmax>
			<ymax>2999</ymax>
		</bndbox>
	</object>
	<object>
		<name>chili</name>
		<pose>Unspecified</pose>
		<truncated>0</truncated>
		<difficult>0</difficult>
		<bndbox>
			<xmin>1290</xmin>
			<ymin>2070</ymin>
			<xmax>1519</xmax>
			<ymax>2925</ymax>
		</bndbox>
	</object>
	<object>
		<name>chili</name>
		<pose>Unspecified</pose>
		<truncated>0</truncated>
		<difficult>0</difficult>
		<bndbox>
			<xmin>1646</xmin>
			<ymin>1896</ymin>
			<xmax>1934</xmax>
			<ymax>2096</ymax>
		</bndbox>
	</object>
	<object>
		<name>chili</name>
		<pose>Unspecified</pose>
		<truncated>0</truncated>
		<difficult>0</difficult>
		<bndbox>
			<xmin>2165</xmin>
			<ymin>1950</ymin>
			<xmax>2307</xmax>
			<ymax>2215</ymax>
		</bndbox>
	</object>
	<object>
		<name>chili</name>
		<pose>Unspecified</pose>
		<truncated>0</truncated>
		<difficult>0</difficult>
		<bndbox>
			<xmin>2275</xmin>
			<ymin>2638</ymin>
			<xmax>2372</xmax>
			<ymax>2960</ymax>
		</bndbox>
	</object>
	<object>
		<name>chili</name>
		<pose>Unspecified</pose>
		<truncated>0</truncated>
		<difficult>0</difficult>
		<bndbox>
			<xmin>2569</xmin>
			<ymin>1996</ymin>
			<xmax>2793</xmax>
			<ymax>2493</ymax>
		</bndbox>
	</object>
	<object>
		<name>chili</name>
		<pose>Unspecified</pose>
		<truncated>0</truncated>
		<difficult>0</difficult>
		<bndbox>
			<xmin>1969</xmin>
			<ymin>15</ymin>
			<xmax>2242</xmax>
			<ymax>928</ymax>
		</bndbox>
	</object>
	<object>
		<name>chili</name>
		<pose>Unspecified</pose>
		<truncated>0</truncated>
		<difficult>0</difficult>
		<bndbox>
			<xmin>1682</xmin>
			<ymin>289</ymin>
			<xmax>1837</xmax>
			<ymax>689</ymax>
		</bndbox>
	</object>
	<object>
		<name>chili</name>
		<pose>Unspecified</pose>
		<truncated>1</truncated>
		<difficult>0</difficult>
		<bndbox>
			<xmin>3732</xmin>
			<ymin>1592</ymin>
			<xmax>4000</xmax>
			<ymax>2118</ymax>
		</bndbox>
	</object>
	<object>
		<name>chili</name>
		<pose>Unspecified</pose>
		<truncated>0</truncated>
		<difficult>0</difficult>
		<bndbox>
			<xmin>3529</xmin>
			<ymin>999</ymin>
			<xmax>3745</xmax>
			<ymax>1738</ymax>
		</bndbox>
	</object>
	<object>
		<name>chili</name>
		<pose>Unspecified</pose>
		<truncated>0</truncated>
		<difficult>0</difficult>
		<bndbox>
			<xmin>1068</xmin>
			<ymin>667</ymin>
			<xmax>1351</xmax>
			<ymax>1625</ymax>
		</bndbox>
	</object>
</annotation>