<?xml version="1.0" ?><annotation>
	<folder>photo</folder>
	<filename>6.jpg</filename>
	<path>E:\labelimg\photo\6.jpg</path>
	<source>
		<database>Unknown</database>
	</source>
	<size>
		<width>3000</width>
		<height>4000</height>
		<depth>3</depth>
	</size>
	<segmented>0</segmented>
	<object>
		<name>chili</name>
		<pose>Unspecified</pose>
		<truncated>0</truncated>
		<difficult>0</difficult>
		<bndbox>
			<xmin>458</xmin>
			<ymin>300</ymin>
			<xmax>743</xmax>
			<ymax>1400</ymax>
		</bndbox>
	</object>
	<object>
		<name>chili</name>
		<pose>Unspecified</pose>
		<truncated>0</truncated>
		<difficult>0</difficult>
		<bndbox>
			<xmin>1384</xmin>
			<ymin>2596</ymin>
			<xmax>1674</xmax>
			<ymax>3226</ymax>
		</bndbox>
	</object>
</annotation>