<?xml version="1.0" ?><annotation>
	<folder>photo</folder>
	<filename>8.jpg</filename>
	<path>E:\labelimg\photo\8.jpg</path>
	<source>
		<database>Unknown</database>
	</source>
	<size>
		<width>3000</width>
		<height>4000</height>
		<depth>3</depth>
	</size>
	<segmented>0</segmented>
	<object>
		<name>chili</name>
		<pose>Unspecified</pose>
		<truncated>0</truncated>
		<difficult>0</difficult>
		<bndbox>
			<xmin>948</xmin>
			<ymin>2669</ymin>
			<xmax>1417</xmax>
			<ymax>3235</ymax>
		</bndbox>
	</object>
	<object>
		<name>chili</name>
		<pose>Unspecified</pose>
		<truncated>0</truncated>
		<difficult>0</difficult>
		<bndbox>
			<xmin>1928</xmin>
			<ymin>1439</ymin>
			<xmax>2065</xmax>
			<ymax>1856</ymax>
		</bndbox>
	</object>
</annotation>